Código,GRD,cuenta,precio_n_unique,precio_min_unique,precio_max_unique,precio_range_unique
K35.8,061131 - PH PROCEDIMIENTOS SOBRE APÉNDICE,162,1.0,1196863.67,1196863.67,0.0
K80.2,071141 - PH COLECISTECTOMÍA LAPAROSCÓPICA,99,1.0,1417049.0518,1417049.0518,0.0
K80.0,071141 - PH COLECISTECTOMÍA LAPAROSCÓPICA,76,1.0,1417049.0518,1417049.0518,0.0
K81.0,071141 - PH COLECISTECTOMÍA LAPAROSCÓPICA,52,1.0,1417049.0518,1417049.0518,0.0
K92.2,064183 - MH OTROS DIAGNÓSTICOS SOBRE APARATO DIGESTIVO W/MCC,52,1.0,1644300.0,1644300.0,0.0
K70.4,074103 - MH HEPATITIS ALCOHÓLICA Y CIRROSIS W/MCC,45,1.0,1757700.0,1757700.0,0.0
K72.1,"074133 - MH ENFERMEDADES HEPÁTICAS EXCEPTO NEOPLASIAS, CIRROSIS O HEPATITIS ALCOHÓLICA W/MCC",45,1.0,1834650.0,1834650.0,0.0
K35.3,061131 - PH PROCEDIMIENTOS SOBRE APÉNDICE,38,1.0,1196863.67,1196863.67,0.0
K80.2,071142 - PH COLECISTECTOMÍA LAPAROSCÓPICA W/CC,36,1.0,1855963.777,1855963.777,0.0
K37,061131 - PH PROCEDIMIENTOS SOBRE APÉNDICE,35,1.0,1196863.67,1196863.67,0.0
K80.8,071141 - PH COLECISTECTOMÍA LAPAROSCÓPICA,35,1.0,1417049.0518,1417049.0518,0.0
K92.2,064182 - MH OTROS DIAGNÓSTICOS SOBRE APARATO DIGESTIVO W/CC,32,1.0,1010400.0,1010400.0,0.0
K40.9,061141 - PH PROCEDIMIENTOS SOBRE HERNIA INGUINAL Y FEMORAL,31,1.0,1092999.5883,1092999.5883,0.0
K92.2,064181 - MH OTROS DIAGNÓSTICOS SOBRE APARATO DIGESTIVO,31,1.0,730800.0,730800.0,0.0
K35.8,061132 - PH PROCEDIMIENTOS SOBRE APÉNDICE W/CC,30,1.0,1682533.4101,1682533.4101,0.0
K57.3,"064131 - MH DIVERTICULITIS, DIVERTICULOSIS Y ENFERMEDAD INFLAMATORIA INTESTINAL",30,1.0,798450.0,798450.0,0.0
K80.0,071142 - PH COLECISTECTOMÍA LAPAROSCÓPICA W/CC,30,1.0,1855963.777,1855963.777,0.0
K85.1,071141 - PH COLECISTECTOMÍA LAPAROSCÓPICA,24,1.0,1417049.0518,1417049.0518,0.0
K85.9,074121 - MH ENFERMEDADES DE PÁNCREAS EXCEPTO NEOPLASIAS,23,1.0,807150.0,807150.0,0.0
K81.0,071142 - PH COLECISTECTOMÍA LAPAROSCÓPICA W/CC,22,1.0,1855963.777,1855963.777,0.0
K61.0,061501 - PH PROCEDIMIENTOS SOBRE ANO,20,1.0,986870.5578,986870.5578,0.0
K40.9,061142 - PH PROCEDIMIENTOS SOBRE HERNIA INGUINAL Y FEMORAL W/CC,18,1.0,1466392.5797,1466392.5797,0.0
K80.5,074141 - MH OTRAS ENFERMEDADES DEL SISTEMA BILIAR,17,1.0,869850.0,869850.0,0.0
K80.8,071142 - PH COLECISTECTOMÍA LAPAROSCÓPICA W/CC,17,1.0,1855963.777,1855963.777,0.0
K80.2,071143 - PH COLECISTECTOMÍA LAPAROSCÓPICA W/MCC,16,1.0,2691244.5458,2691244.5458,0.0
K43.9,061121 - PH PROCEDIMIENTOS SOBRE HERNIA EXCEPTO INGUINAL Y FEMORAL,15,1.0,1313993.8805,1313993.8805,0.0
K80.5,074142 - MH OTRAS ENFERMEDADES DEL SISTEMA BILIAR W/CC,15,1.0,1199100.0,1199100.0,0.0
K43.9,061122 - PH PROCEDIMIENTOS SOBRE HERNIA EXCEPTO INGUINAL Y FEMORAL W/CC,14,1.0,1670237.9736,1670237.9736,0.0
K70.4,074102 - MH HEPATITIS ALCOHÓLICA Y CIRROSIS W/CC,14,1.0,1037700.0,1037700.0,0.0
K57.3,"064132 - MH DIVERTICULITIS, DIVERTICULOSIS Y ENFERMEDAD INFLAMATORIA INTESTINAL W/CC",12,1.0,1020000.0,1020000.0,0.0
K57.9,"064131 - MH DIVERTICULITIS, DIVERTICULOSIS Y ENFERMEDAD INFLAMATORIA INTESTINAL",12,1.0,798450.0,798450.0,0.0
K72.1,"074132 - MH ENFERMEDADES HEPÁTICAS EXCEPTO NEOPLASIAS, CIRROSIS O HEPATITIS ALCOHÓLICA W/CC",12,1.0,1065150.0,1065150.0,0.0
K80.0,071143 - PH COLECISTECTOMÍA LAPAROSCÓPICA W/MCC,12,1.0,2691244.5458,2691244.5458,0.0
K42.0,061121 - PH PROCEDIMIENTOS SOBRE HERNIA EXCEPTO INGUINAL Y FEMORAL,11,1.0,1313993.8805,1313993.8805,0.0
K35.2,061131 - PH PROCEDIMIENTOS SOBRE APÉNDICE,10,1.0,1196863.67,1196863.67,0.0
K35.3,061132 - PH PROCEDIMIENTOS SOBRE APÉNDICE W/CC,10,1.0,1682533.4101,1682533.4101,0.0
K37,061132 - PH PROCEDIMIENTOS SOBRE APÉNDICE W/CC,10,1.0,1682533.4101,1682533.4101,0.0
K35.8,061133 - PH PROCEDIMIENTOS SOBRE APÉNDICE W/MCC,9,1.0,1798531.1461,1798531.1461,0.0
K42.9,061121 - PH PROCEDIMIENTOS SOBRE HERNIA EXCEPTO INGUINAL Y FEMORAL,9,1.0,1313993.8805,1313993.8805,0.0
K62.5,064181 - MH OTROS DIAGNÓSTICOS SOBRE APARATO DIGESTIVO,9,1.0,730800.0,730800.0,0.0
K83.1,074141 - MH OTRAS ENFERMEDADES DEL SISTEMA BILIAR,9,1.0,869850.0,869850.0,0.0
K85.1,071142 - PH COLECISTECTOMÍA LAPAROSCÓPICA W/CC,9,1.0,1855963.777,1855963.777,0.0
K85.9,074122 - MH ENFERMEDADES DE PÁNCREAS EXCEPTO NEOPLASIAS W/CC,9,1.0,1061250.0,1061250.0,0.0
K42.0,061122 - PH PROCEDIMIENTOS SOBRE HERNIA EXCEPTO INGUINAL Y FEMORAL W/CC,8,1.0,1670237.9736,1670237.9736,0.0
K42.9,061122 - PH PROCEDIMIENTOS SOBRE HERNIA EXCEPTO INGUINAL Y FEMORAL W/CC,8,1.0,1670237.9736,1670237.9736,0.0
K43.2,061121 - PH PROCEDIMIENTOS SOBRE HERNIA EXCEPTO INGUINAL Y FEMORAL,8,1.0,1313993.8805,1313993.8805,0.0
K70.1,074103 - MH HEPATITIS ALCOHÓLICA Y CIRROSIS W/MCC,8,1.0,1757700.0,1757700.0,0.0
K80.2,074143 - MH OTRAS ENFERMEDADES DEL SISTEMA BILIAR W/MCC,8,1.0,1724250.0,1724250.0,0.0
K80.3,071141 - PH COLECISTECTOMÍA LAPAROSCÓPICA,8,1.0,1417049.0518,1417049.0518,0.0
K85.1,074123 - MH ENFERMEDADES DE PÁNCREAS EXCEPTO NEOPLASIAS W/MCC,8,1.0,1862400.0,1862400.0,0.0
K85.9,074123 - MH ENFERMEDADES DE PÁNCREAS EXCEPTO NEOPLASIAS W/MCC,8,1.0,1862400.0,1862400.0,0.0
K80.2,074142 - MH OTRAS ENFERMEDADES DEL SISTEMA BILIAR W/CC,7,1.0,1199100.0,1199100.0,0.0
K81.0,071143 - PH COLECISTECTOMÍA LAPAROSCÓPICA W/MCC,7,1.0,2691244.5458,2691244.5458,0.0
K83.1,074142 - MH OTRAS ENFERMEDADES DEL SISTEMA BILIAR W/CC,7,1.0,1199100.0,1199100.0,0.0
K35.3,061133 - PH PROCEDIMIENTOS SOBRE APÉNDICE W/MCC,6,1.0,1798531.1461,1798531.1461,0.0
K80.0,074141 - MH OTRAS ENFERMEDADES DEL SISTEMA BILIAR,6,1.0,869850.0,869850.0,0.0
K80.2,074141 - MH OTRAS ENFERMEDADES DEL SISTEMA BILIAR,6,1.0,869850.0,869850.0,0.0
K80.3,071143 - PH COLECISTECTOMÍA LAPAROSCÓPICA W/MCC,6,1.0,2691244.5458,2691244.5458,0.0
K81.0,074142 - MH OTRAS ENFERMEDADES DEL SISTEMA BILIAR W/CC,6,1.0,1199100.0,1199100.0,0.0
K92.0,064182 - MH OTROS DIAGNÓSTICOS SOBRE APARATO DIGESTIVO W/CC,6,1.0,1010400.0,1010400.0,0.0
K25.1,061201 - PH PROCEDIMIENTOS COMPLEJOS DEL TRACTO DIGESTIVO,5,1.0,2020657.9127,2020657.9127,0.0
K43.0,061121 - PH PROCEDIMIENTOS SOBRE HERNIA EXCEPTO INGUINAL Y FEMORAL,5,1.0,1313993.8805,1313993.8805,0.0
K44.9,061202 - PH PROCEDIMIENTOS COMPLEJOS DEL TRACTO DIGESTIVO W/CC,5,1.0,2585115.5154,2585115.5154,0.0
K61.2,061501 - PH PROCEDIMIENTOS SOBRE ANO,5,1.0,986870.5578,986870.5578,0.0
K74.6,074103 - MH HEPATITIS ALCOHÓLICA Y CIRROSIS W/MCC,5,1.0,1757700.0,1757700.0,0.0
K80.5,071141 - PH COLECISTECTOMÍA LAPAROSCÓPICA,5,1.0,1417049.0518,1417049.0518,0.0
K81.0,074143 - MH OTRAS ENFERMEDADES DEL SISTEMA BILIAR W/MCC,5,1.0,1724250.0,1724250.0,0.0
K81.1,071141 - PH COLECISTECTOMÍA LAPAROSCÓPICA,5,1.0,1417049.0518,1417049.0518,0.0
K82.8,071141 - PH COLECISTECTOMÍA LAPAROSCÓPICA,5,1.0,1417049.0518,1417049.0518,0.0
K85.1,074121 - MH ENFERMEDADES DE PÁNCREAS EXCEPTO NEOPLASIAS,5,1.0,807150.0,807150.0,0.0
K85.1,074122 - MH ENFERMEDADES DE PÁNCREAS EXCEPTO NEOPLASIAS W/CC,5,1.0,1061250.0,1061250.0,0.0
K85.8,074121 - MH ENFERMEDADES DE PÁNCREAS EXCEPTO NEOPLASIAS,5,1.0,807150.0,807150.0,0.0
K92.1,064182 - MH OTROS DIAGNÓSTICOS SOBRE APARATO DIGESTIVO W/CC,5,1.0,1010400.0,1010400.0,0.0
K92.2,041023 - PH VENTILACIÓN MECÁNICA PROLONGADA SIN TRAQUEOSTOMÍA W/MCC,5,1.0,9416848.2886,9416848.2886,0.0
K92.2,041203 - PH PROCEDIMIENTOS NO COMPLEJOS SOBRE APARATO RESPIRATORIO W/MCC,5,1.0,3417322.4251,3417322.4251,0.0
K21.9,064121 - MH ENFERMEDADES ESOFÁGICAS,4,1.0,688050.0,688050.0,0.0
K22.2,064122 - MH ENFERMEDADES ESOFÁGICAS W/CC,4,1.0,950850.0,950850.0,0.0
K22.2,064123 - MH ENFERMEDADES ESOFÁGICAS W/MCC,4,1.0,1498650.0,1498650.0,0.0
K46.9,061121 - PH PROCEDIMIENTOS SOBRE HERNIA EXCEPTO INGUINAL Y FEMORAL,4,1.0,1313993.8805,1313993.8805,0.0
K55.0,041023 - PH VENTILACIÓN MECÁNICA PROLONGADA SIN TRAQUEOSTOMÍA W/MCC,4,1.0,9416848.2886,9416848.2886,0.0
K55.0,064143 - MH INSUFICIENCIA VASCULAR GASTROINTESTINAL W/MCC,4,1.0,1768050.0,1768050.0,0.0
K56.5,061112 - PH LISIS DE ADHERENCIAS PERITONEALES W/CC,4,1.0,1955297.961,1955297.961,0.0
K56.5,061113 - PH LISIS DE ADHERENCIAS PERITONEALES W/MCC,4,1.0,3415704.6045,3415704.6045,0.0
K59.0,064181 - MH OTROS DIAGNÓSTICOS SOBRE APARATO DIGESTIVO,4,1.0,730800.0,730800.0,0.0
K59.0,064182 - MH OTROS DIAGNÓSTICOS SOBRE APARATO DIGESTIVO W/CC,4,1.0,1010400.0,1010400.0,0.0
K60.5,061501 - PH PROCEDIMIENTOS SOBRE ANO,4,1.0,986870.5578,986870.5578,0.0
K61.0,061502 - PH PROCEDIMIENTOS SOBRE ANO W/CC,4,1.0,1438242.5015,1438242.5015,0.0
K62.5,064182 - MH OTROS DIAGNÓSTICOS SOBRE APARATO DIGESTIVO W/CC,4,1.0,1010400.0,1010400.0,0.0
K64.9,064181 - MH OTROS DIAGNÓSTICOS SOBRE APARATO DIGESTIVO,4,1.0,730800.0,730800.0,0.0
K70.3,074103 - MH HEPATITIS ALCOHÓLICA Y CIRROSIS W/MCC,4,1.0,1757700.0,1757700.0,0.0
K70.4,074101 - MH HEPATITIS ALCOHÓLICA Y CIRROSIS,4,1.0,778500.0,778500.0,0.0
K72.0,"074133 - MH ENFERMEDADES HEPÁTICAS EXCEPTO NEOPLASIAS, CIRROSIS O HEPATITIS ALCOHÓLICA W/MCC",4,1.0,1834650.0,1834650.0,0.0
K80.3,074142 - MH OTRAS ENFERMEDADES DEL SISTEMA BILIAR W/CC,4,1.0,1199100.0,1199100.0,0.0
K80.3,074143 - MH OTRAS ENFERMEDADES DEL SISTEMA BILIAR W/MCC,4,1.0,1724250.0,1724250.0,0.0
K80.4,071141 - PH COLECISTECTOMÍA LAPAROSCÓPICA,4,1.0,1417049.0518,1417049.0518,0.0
K80.4,071142 - PH COLECISTECTOMÍA LAPAROSCÓPICA W/CC,4,1.0,1855963.777,1855963.777,0.0
K80.5,074143 - MH OTRAS ENFERMEDADES DEL SISTEMA BILIAR W/MCC,4,1.0,1724250.0,1724250.0,0.0
K81.0,074141 - MH OTRAS ENFERMEDADES DEL SISTEMA BILIAR,4,1.0,869850.0,869850.0,0.0
K82.8,071142 - PH COLECISTECTOMÍA LAPAROSCÓPICA W/CC,4,1.0,1855963.777,1855963.777,0.0
K83.0,074141 - MH OTRAS ENFERMEDADES DEL SISTEMA BILIAR,4,1.0,869850.0,869850.0,0.0
K83.1,074143 - MH OTRAS ENFERMEDADES DEL SISTEMA BILIAR W/MCC,4,1.0,1724250.0,1724250.0,0.0
K85.2,074121 - MH ENFERMEDADES DE PÁNCREAS EXCEPTO NEOPLASIAS,4,1.0,807150.0,807150.0,0.0
K92.0,064181 - MH OTROS DIAGNÓSTICOS SOBRE APARATO DIGESTIVO,4,1.0,730800.0,730800.0,0.0
K25.1,061203 - PH PROCEDIMIENTOS COMPLEJOS DEL TRACTO DIGESTIVO W/MCC,3,1.0,5767045.0451,5767045.0451,0.0
K25.4,064113 - MH GASTRITIS Y ÚLCERA PÉPTICA W/MCC,3,1.0,1570200.0,1570200.0,0.0
K25.5,061201 - PH PROCEDIMIENTOS COMPLEJOS DEL TRACTO DIGESTIVO,3,1.0,2020657.9127,2020657.9127,0.0
K35.2,061133 - PH PROCEDIMIENTOS SOBRE APÉNDICE W/MCC,3,1.0,1798531.1461,1798531.1461,0.0
K35.8,064181 - MH OTROS DIAGNÓSTICOS SOBRE APARATO DIGESTIVO,3,1.0,730800.0,730800.0,0.0
K38.8,061131 - PH PROCEDIMIENTOS SOBRE APÉNDICE,3,1.0,1196863.67,1196863.67,0.0
K40.2,061141 - PH PROCEDIMIENTOS SOBRE HERNIA INGUINAL Y FEMORAL,3,1.0,1092999.5883,1092999.5883,0.0
K40.3,061142 - PH PROCEDIMIENTOS SOBRE HERNIA INGUINAL Y FEMORAL W/CC,3,1.0,1466392.5797,1466392.5797,0.0
K41.9,061141 - PH PROCEDIMIENTOS SOBRE HERNIA INGUINAL Y FEMORAL,3,1.0,1092999.5883,1092999.5883,0.0
K44.9,041301 - PH PROCEDIMIENTOS MODERADAMENTE COMPLEJOS SOBRE APARATO RESPIRATORIO,3,1.0,1758409.1956,1758409.1956,0.0
K51.0,"064131 - MH DIVERTICULITIS, DIVERTICULOSIS Y ENFERMEDAD INFLAMATORIA INTESTINAL",3,1.0,798450.0,798450.0,0.0
K52.9,064171 - MH DOLOR ABDOMINAL Y OTRAS GASTROENTERITIS,3,1.0,646050.0,646050.0,0.0
K56.4,064151 - MH OBSTRUCCIÓN GASTROINTESTINAL,3,1.0,712050.0,712050.0,0.0
K56.5,064151 - MH OBSTRUCCIÓN GASTROINTESTINAL,3,1.0,712050.0,712050.0,0.0
K56.6,061203 - PH PROCEDIMIENTOS COMPLEJOS DEL TRACTO DIGESTIVO W/MCC,3,1.0,5767045.0451,5767045.0451,0.0
K56.7,064151 - MH OBSTRUCCIÓN GASTROINTESTINAL,3,1.0,712050.0,712050.0,0.0
K57.3,061201 - PH PROCEDIMIENTOS COMPLEJOS DEL TRACTO DIGESTIVO,3,1.0,2020657.9127,2020657.9127,0.0
K61.2,064181 - MH OTROS DIAGNÓSTICOS SOBRE APARATO DIGESTIVO,3,1.0,730800.0,730800.0,0.0
K62.5,064183 - MH OTROS DIAGNÓSTICOS SOBRE APARATO DIGESTIVO W/MCC,3,1.0,1644300.0,1644300.0,0.0
K63.1,064183 - MH OTROS DIAGNÓSTICOS SOBRE APARATO DIGESTIVO W/MCC,3,1.0,1644300.0,1644300.0,0.0
K64.8,061501 - PH PROCEDIMIENTOS SOBRE ANO,3,1.0,986870.5578,986870.5578,0.0
K64.8,064181 - MH OTROS DIAGNÓSTICOS SOBRE APARATO DIGESTIVO,3,1.0,730800.0,730800.0,0.0
K65.8,064163 - MH INFECCIONES GASTROINTESTINALES MAYORES W/MCC,3,1.0,2227500.0,2227500.0,0.0
K70.4,041203 - PH PROCEDIMIENTOS NO COMPLEJOS SOBRE APARATO RESPIRATORIO W/MCC,3,1.0,3417322.4251,3417322.4251,0.0
K72.9,"074133 - MH ENFERMEDADES HEPÁTICAS EXCEPTO NEOPLASIAS, CIRROSIS O HEPATITIS ALCOHÓLICA W/MCC",3,1.0,1834650.0,1834650.0,0.0
K80.4,074141 - MH OTRAS ENFERMEDADES DEL SISTEMA BILIAR,3,1.0,869850.0,869850.0,0.0
K80.8,071143 - PH COLECISTECTOMÍA LAPAROSCÓPICA W/MCC,3,1.0,2691244.5458,2691244.5458,0.0
K82.8,074141 - MH OTRAS ENFERMEDADES DEL SISTEMA BILIAR,3,1.0,869850.0,869850.0,0.0
K83.0,074143 - MH OTRAS ENFERMEDADES DEL SISTEMA BILIAR W/MCC,3,1.0,1724250.0,1724250.0,0.0
K85.1,071143 - PH COLECISTECTOMÍA LAPAROSCÓPICA W/MCC,3,1.0,2691244.5458,2691244.5458,0.0
K85.8,074122 - MH ENFERMEDADES DE PÁNCREAS EXCEPTO NEOPLASIAS W/CC,3,1.0,1061250.0,1061250.0,0.0
K92.0,041203 - PH PROCEDIMIENTOS NO COMPLEJOS SOBRE APARATO RESPIRATORIO W/MCC,3,1.0,3417322.4251,3417322.4251,0.0
K92.0,064183 - MH OTROS DIAGNÓSTICOS SOBRE APARATO DIGESTIVO W/MCC,3,1.0,1644300.0,1644300.0,0.0
K04.7,034141 - MH ENFERMEDADES ORALES Y DENTALES,2,1.0,669300.0,669300.0,0.0
K12.2,031301 - PH PROCEDIMIENTOS SOBRE BOCA,2,1.0,1031198.8419,1031198.8419,0.0
K21.9,061201 - PH PROCEDIMIENTOS COMPLEJOS DEL TRACTO DIGESTIVO,2,1.0,2020657.9127,2020657.9127,0.0
K21.9,064122 - MH ENFERMEDADES ESOFÁGICAS W/CC,2,1.0,950850.0,950850.0,0.0
K22.1,064121 - MH ENFERMEDADES ESOFÁGICAS,2,1.0,688050.0,688050.0,0.0
K22.1,064122 - MH ENFERMEDADES ESOFÁGICAS W/CC,2,1.0,950850.0,950850.0,0.0
K22.6,064121 - MH ENFERMEDADES ESOFÁGICAS,2,1.0,688050.0,688050.0,0.0
K25.5,061203 - PH PROCEDIMIENTOS COMPLEJOS DEL TRACTO DIGESTIVO W/MCC,2,1.0,5767045.0451,5767045.0451,0.0
K26.9,064111 - MH GASTRITIS Y ÚLCERA PÉPTICA,2,1.0,845250.0,845250.0,0.0
K35.2,041023 - PH VENTILACIÓN MECÁNICA PROLONGADA SIN TRAQUEOSTOMÍA W/MCC,2,1.0,9416848.2886,9416848.2886,0.0
K35.2,061132 - PH PROCEDIMIENTOS SOBRE APÉNDICE W/CC,2,1.0,1682533.4101,1682533.4101,0.0
K35.3,061401 - PH OTROS PROCEDIMIENTOS SOBRE APARATO DIGESTIVO,2,1.0,1554887.3658,1554887.3658,0.0
K37,061133 - PH PROCEDIMIENTOS SOBRE APÉNDICE W/MCC,2,1.0,1798531.1461,1798531.1461,0.0
K37,064181 - MH OTROS DIAGNÓSTICOS SOBRE APARATO DIGESTIVO,2,1.0,730800.0,730800.0,0.0
K40.3,061141 - PH PROCEDIMIENTOS SOBRE HERNIA INGUINAL Y FEMORAL,2,1.0,1092999.5883,1092999.5883,0.0
K40.3,061143 - PH PROCEDIMIENTOS SOBRE HERNIA INGUINAL Y FEMORAL W/MCC,2,1.0,2495164.6907,2495164.6907,0.0
K40.9,061121 - PH PROCEDIMIENTOS SOBRE HERNIA EXCEPTO INGUINAL Y FEMORAL,2,1.0,1313993.8805,1313993.8805,0.0
K41.9,061142 - PH PROCEDIMIENTOS SOBRE HERNIA INGUINAL Y FEMORAL W/CC,2,1.0,1466392.5797,1466392.5797,0.0
K42.0,061123 - PH PROCEDIMIENTOS SOBRE HERNIA EXCEPTO INGUINAL Y FEMORAL W/MCC,2,1.0,2755148.459,2755148.459,0.0
K42.1,061201 - PH PROCEDIMIENTOS COMPLEJOS DEL TRACTO DIGESTIVO,2,1.0,2020657.9127,2020657.9127,0.0
K42.9,061123 - PH PROCEDIMIENTOS SOBRE HERNIA EXCEPTO INGUINAL Y FEMORAL W/MCC,2,1.0,2755148.459,2755148.459,0.0
K43.0,061122 - PH PROCEDIMIENTOS SOBRE HERNIA EXCEPTO INGUINAL Y FEMORAL W/CC,2,1.0,1670237.9736,1670237.9736,0.0
K46.9,061122 - PH PROCEDIMIENTOS SOBRE HERNIA EXCEPTO INGUINAL Y FEMORAL W/CC,2,1.0,1670237.9736,1670237.9736,0.0
K52.3,064173 - MH DOLOR ABDOMINAL Y OTRAS GASTROENTERITIS W/MCC,2,1.0,1086450.0,1086450.0,0.0
K52.8,064171 - MH DOLOR ABDOMINAL Y OTRAS GASTROENTERITIS,2,1.0,646050.0,646050.0,0.0
K52.9,064172 - MH DOLOR ABDOMINAL Y OTRAS GASTROENTERITIS W/CC,2,1.0,821250.0,821250.0,0.0
K55.0,064141 - MH INSUFICIENCIA VASCULAR GASTROINTESTINAL,2,1.0,938250.0,938250.0,0.0
K56.4,064153 - MH OBSTRUCCIÓN GASTROINTESTINAL W/MCC,2,1.0,1518900.0,1518900.0,0.0
K56.5,061111 - PH LISIS DE ADHERENCIAS PERITONEALES,2,1.0,1395370.256,1395370.256,0.0
K56.5,061202 - PH PROCEDIMIENTOS COMPLEJOS DEL TRACTO DIGESTIVO W/CC,2,1.0,2585115.5154,2585115.5154,0.0
K56.5,064152 - MH OBSTRUCCIÓN GASTROINTESTINAL W/CC,2,1.0,948150.0,948150.0,0.0
K56.5,064153 - MH OBSTRUCCIÓN GASTROINTESTINAL W/MCC,2,1.0,1518900.0,1518900.0,0.0
K56.6,061201 - PH PROCEDIMIENTOS COMPLEJOS DEL TRACTO DIGESTIVO,2,1.0,2020657.9127,2020657.9127,0.0
K56.6,064152 - MH OBSTRUCCIÓN GASTROINTESTINAL W/CC,2,1.0,948150.0,948150.0,0.0
K57.2,061201 - PH PROCEDIMIENTOS COMPLEJOS DEL TRACTO DIGESTIVO,2,1.0,2020657.9127,2020657.9127,0.0
K57.2,061203 - PH PROCEDIMIENTOS COMPLEJOS DEL TRACTO DIGESTIVO W/MCC,2,1.0,5767045.0451,5767045.0451,0.0
K57.2,"064131 - MH DIVERTICULITIS, DIVERTICULOSIS Y ENFERMEDAD INFLAMATORIA INTESTINAL",2,1.0,798450.0,798450.0,0.0
K57.2,"064133 - MH DIVERTICULITIS, DIVERTICULOSIS Y ENFERMEDAD INFLAMATORIA INTESTINAL W/MCC",2,1.0,1542300.0,1542300.0,0.0
K57.3,"064133 - MH DIVERTICULITIS, DIVERTICULOSIS Y ENFERMEDAD INFLAMATORIA INTESTINAL W/MCC",2,1.0,1542300.0,1542300.0,0.0
K57.9,"064132 - MH DIVERTICULITIS, DIVERTICULOSIS Y ENFERMEDAD INFLAMATORIA INTESTINAL W/CC",2,1.0,1020000.0,1020000.0,0.0
K60.3,061501 - PH PROCEDIMIENTOS SOBRE ANO,2,1.0,986870.5578,986870.5578,0.0
K60.5,061502 - PH PROCEDIMIENTOS SOBRE ANO W/CC,2,1.0,1438242.5015,1438242.5015,0.0
K62.3,061501 - PH PROCEDIMIENTOS SOBRE ANO,2,1.0,986870.5578,986870.5578,0.0
K63.1,041023 - PH VENTILACIÓN MECÁNICA PROLONGADA SIN TRAQUEOSTOMÍA W/MCC,2,1.0,9416848.2886,9416848.2886,0.0
K64.2,061501 - PH PROCEDIMIENTOS SOBRE ANO,2,1.0,986870.5578,986870.5578,0.0
K64.3,061501 - PH PROCEDIMIENTOS SOBRE ANO,2,1.0,986870.5578,986870.5578,0.0
K65.9,064163 - MH INFECCIONES GASTROINTESTINALES MAYORES W/MCC,2,1.0,2227500.0,2227500.0,0.0
K66.1,064183 - MH OTROS DIAGNÓSTICOS SOBRE APARATO DIGESTIVO W/MCC,2,1.0,1644300.0,1644300.0,0.0
K70.1,074102 - MH HEPATITIS ALCOHÓLICA Y CIRROSIS W/CC,2,1.0,1037700.0,1037700.0,0.0
K72.1,041203 - PH PROCEDIMIENTOS NO COMPLEJOS SOBRE APARATO RESPIRATORIO W/MCC,2,1.0,3417322.4251,3417322.4251,0.0
K72.9,"074132 - MH ENFERMEDADES HEPÁTICAS EXCEPTO NEOPLASIAS, CIRROSIS O HEPATITIS ALCOHÓLICA W/CC",2,1.0,1065150.0,1065150.0,0.0
K75.0,071103 - PH PROCEDIMIENTOS SOBRE PÁNCREAS E HÍGADO W/MCC,2,1.0,8517178.2603,8517178.2603,0.0
K75.4,"074131 - MH ENFERMEDADES HEPÁTICAS EXCEPTO NEOPLASIAS, CIRROSIS O HEPATITIS ALCOHÓLICA",2,1.0,801900.0,801900.0,0.0
K76.6,"074133 - MH ENFERMEDADES HEPÁTICAS EXCEPTO NEOPLASIAS, CIRROSIS O HEPATITIS ALCOHÓLICA W/MCC",2,1.0,1834650.0,1834650.0,0.0
K76.9,"074131 - MH ENFERMEDADES HEPÁTICAS EXCEPTO NEOPLASIAS, CIRROSIS O HEPATITIS ALCOHÓLICA",2,1.0,801900.0,801900.0,0.0
K76.9,"074133 - MH ENFERMEDADES HEPÁTICAS EXCEPTO NEOPLASIAS, CIRROSIS O HEPATITIS ALCOHÓLICA W/MCC",2,1.0,1834650.0,1834650.0,0.0
K80.0,074142 - MH OTRAS ENFERMEDADES DEL SISTEMA BILIAR W/CC,2,1.0,1199100.0,1199100.0,0.0
K80.1,071141 - PH COLECISTECTOMÍA LAPAROSCÓPICA,2,1.0,1417049.0518,1417049.0518,0.0
K80.1,074141 - MH OTRAS ENFERMEDADES DEL SISTEMA BILIAR,2,1.0,869850.0,869850.0,0.0
K80.2,061202 - PH PROCEDIMIENTOS COMPLEJOS DEL TRACTO DIGESTIVO W/CC,2,1.0,2585115.5154,2585115.5154,0.0
K80.2,071122 - PH COLECISTECTOMÍA EXCEPTO LAPAROSCÓPICA W/CC,2,1.0,2331441.2474,2331441.2474,0.0
K80.2,071133 - PH OTROS PROCEDIMIENTOS HEPATOBILIARES Y SOBRE PÁNCREAS W/MCC,2,1.0,2605500.0548,2605500.0548,0.0
K80.3,041023 - PH VENTILACIÓN MECÁNICA PROLONGADA SIN TRAQUEOSTOMÍA W/MCC,2,1.0,9416848.2886,9416848.2886,0.0
K80.3,074141 - MH OTRAS ENFERMEDADES DEL SISTEMA BILIAR,2,1.0,869850.0,869850.0,0.0
K80.4,041023 - PH VENTILACIÓN MECÁNICA PROLONGADA SIN TRAQUEOSTOMÍA W/MCC,2,1.0,9416848.2886,9416848.2886,0.0
K80.4,074143 - MH OTRAS ENFERMEDADES DEL SISTEMA BILIAR W/MCC,2,1.0,1724250.0,1724250.0,0.0
K80.5,071142 - PH COLECISTECTOMÍA LAPAROSCÓPICA W/CC,2,1.0,1855963.777,1855963.777,0.0
K80.5,071143 - PH COLECISTECTOMÍA LAPAROSCÓPICA W/MCC,2,1.0,2691244.5458,2691244.5458,0.0
K81.0,041023 - PH VENTILACIÓN MECÁNICA PROLONGADA SIN TRAQUEOSTOMÍA W/MCC,2,1.0,9416848.2886,9416848.2886,0.0
K83.0,074142 - MH OTRAS ENFERMEDADES DEL SISTEMA BILIAR W/CC,2,1.0,1199100.0,1199100.0,0.0
K86.1,074121 - MH ENFERMEDADES DE PÁNCREAS EXCEPTO NEOPLASIAS,2,1.0,807150.0,807150.0,0.0
K92.2,061203 - PH PROCEDIMIENTOS COMPLEJOS DEL TRACTO DIGESTIVO W/MCC,2,1.0,5767045.0451,5767045.0451,0.0
K04.7,034142 - MH ENFERMEDADES ORALES Y DENTALES W/CC,1,1.0,979800.0,979800.0,0.0
K08.8,034141 - MH ENFERMEDADES ORALES Y DENTALES,1,1.0,669300.0,669300.0,0.0
K11.7,"034151 - MH OTROS DIAGNÓSTICOS SOBRE OÍDO, NARIZ, BOCA Y GARGANTA",1,1.0,644100.0,644100.0,0.0
K20,064121 - MH ENFERMEDADES ESOFÁGICAS,1,1.0,688050.0,688050.0,0.0
K20,064123 - MH ENFERMEDADES ESOFÁGICAS W/MCC,1,1.0,1498650.0,1498650.0,0.0
K21.0,061201 - PH PROCEDIMIENTOS COMPLEJOS DEL TRACTO DIGESTIVO,1,1.0,2020657.9127,2020657.9127,0.0
K21.0,064123 - MH ENFERMEDADES ESOFÁGICAS W/MCC,1,1.0,1498650.0,1498650.0,0.0
K21.9,"061301 - PH PROCEDIMIENTOS SOBRE ESTÓMAGO, ESÓFAGO Y DUODENO NO COMPLEJOS",1,1.0,1187803.8747,1187803.8747,0.0
K22.0,061202 - PH PROCEDIMIENTOS COMPLEJOS DEL TRACTO DIGESTIVO W/CC,1,1.0,2585115.5154,2585115.5154,0.0
K22.2,064121 - MH ENFERMEDADES ESOFÁGICAS,1,1.0,688050.0,688050.0,0.0
K22.3,064123 - MH ENFERMEDADES ESOFÁGICAS W/MCC,1,1.0,1498650.0,1498650.0,0.0
K22.6,064122 - MH ENFERMEDADES ESOFÁGICAS W/CC,1,1.0,950850.0,950850.0,0.0
K22.8,064121 - MH ENFERMEDADES ESOFÁGICAS,1,1.0,688050.0,688050.0,0.0
K25.0,064113 - MH GASTRITIS Y ÚLCERA PÉPTICA W/MCC,1,1.0,1570200.0,1570200.0,0.0
K25.1,041023 - PH VENTILACIÓN MECÁNICA PROLONGADA SIN TRAQUEOSTOMÍA W/MCC,1,1.0,9416848.2886,9416848.2886,0.0
K25.4,041023 - PH VENTILACIÓN MECÁNICA PROLONGADA SIN TRAQUEOSTOMÍA W/MCC,1,1.0,9416848.2886,9416848.2886,0.0
K25.4,064111 - MH GASTRITIS Y ÚLCERA PÉPTICA,1,1.0,845250.0,845250.0,0.0
K25.4,064112 - MH GASTRITIS Y ÚLCERA PÉPTICA W/CC,1,1.0,1074300.0,1074300.0,0.0
K25.5,041013 - PH ECMO VENTILACIÓN MECÁNICA PROLONGADA CON TRAQUEOSTOMÍA W/MCC,1,1.0,18935781.0561,18935781.0561,0.0
K25.6,041023 - PH VENTILACIÓN MECÁNICA PROLONGADA SIN TRAQUEOSTOMÍA W/MCC,1,1.0,9416848.2886,9416848.2886,0.0
K26.0,041021 - PH VENTILACIÓN MECÁNICA PROLONGADA SIN TRAQUEOSTOMÍA,1,1.0,4991947.2021,4991947.2021,0.0
K26.0,064113 - MH GASTRITIS Y ÚLCERA PÉPTICA W/MCC,1,1.0,1570200.0,1570200.0,0.0
K26.3,064113 - MH GASTRITIS Y ÚLCERA PÉPTICA W/MCC,1,1.0,1570200.0,1570200.0,0.0
K26.4,064113 - MH GASTRITIS Y ÚLCERA PÉPTICA W/MCC,1,1.0,1570200.0,1570200.0,0.0
K26.7,064111 - MH GASTRITIS Y ÚLCERA PÉPTICA,1,1.0,845250.0,845250.0,0.0
K26.9,064112 - MH GASTRITIS Y ÚLCERA PÉPTICA W/CC,1,1.0,1074300.0,1074300.0,0.0
K27.1,041023 - PH VENTILACIÓN MECÁNICA PROLONGADA SIN TRAQUEOSTOMÍA W/MCC,1,1.0,9416848.2886,9416848.2886,0.0
K27.1,061201 - PH PROCEDIMIENTOS COMPLEJOS DEL TRACTO DIGESTIVO,1,1.0,2020657.9127,2020657.9127,0.0
K27.1,061202 - PH PROCEDIMIENTOS COMPLEJOS DEL TRACTO DIGESTIVO W/CC,1,1.0,2585115.5154,2585115.5154,0.0
K27.5,061203 - PH PROCEDIMIENTOS COMPLEJOS DEL TRACTO DIGESTIVO W/MCC,1,1.0,5767045.0451,5767045.0451,0.0
K28.5,061203 - PH PROCEDIMIENTOS COMPLEJOS DEL TRACTO DIGESTIVO W/MCC,1,1.0,5767045.0451,5767045.0451,0.0
K29.5,064112 - MH GASTRITIS Y ÚLCERA PÉPTICA W/CC,1,1.0,1074300.0,1074300.0,0.0
K29.8,064113 - MH GASTRITIS Y ÚLCERA PÉPTICA W/MCC,1,1.0,1570200.0,1570200.0,0.0
K31.1,061201 - PH PROCEDIMIENTOS COMPLEJOS DEL TRACTO DIGESTIVO,1,1.0,2020657.9127,2020657.9127,0.0
K31.1,"061303 - PH PROCEDIMIENTOS SOBRE ESTÓMAGO, ESÓFAGO Y DUODENO NO COMPLEJOS W/MCC",1,1.0,4311491.8634,4311491.8634,0.0
K31.8,061203 - PH PROCEDIMIENTOS COMPLEJOS DEL TRACTO DIGESTIVO W/MCC,1,1.0,5767045.0451,5767045.0451,0.0
K31.8,064183 - MH OTROS DIAGNÓSTICOS SOBRE APARATO DIGESTIVO W/MCC,1,1.0,1644300.0,1644300.0,0.0
K35.2,061111 - PH LISIS DE ADHERENCIAS PERITONEALES,1,1.0,1395370.256,1395370.256,0.0
K35.2,061403 - PH OTROS PROCEDIMIENTOS SOBRE APARATO DIGESTIVO W/MCC,1,1.0,3693160.8351,3693160.8351,0.0
K35.2,064161 - MH INFECCIONES GASTROINTESTINALES MAYORES,1,1.0,1064100.0,1064100.0,0.0
K35.3,041023 - PH VENTILACIÓN MECÁNICA PROLONGADA SIN TRAQUEOSTOMÍA W/MCC,1,1.0,9416848.2886,9416848.2886,0.0
K35.3,061121 - PH PROCEDIMIENTOS SOBRE HERNIA EXCEPTO INGUINAL Y FEMORAL,1,1.0,1313993.8805,1313993.8805,0.0
K35.3,061202 - PH PROCEDIMIENTOS COMPLEJOS DEL TRACTO DIGESTIVO W/CC,1,1.0,2585115.5154,2585115.5154,0.0
K35.3,061203 - PH PROCEDIMIENTOS COMPLEJOS DEL TRACTO DIGESTIVO W/MCC,1,1.0,5767045.0451,5767045.0451,0.0
K35.8,061111 - PH LISIS DE ADHERENCIAS PERITONEALES,1,1.0,1395370.256,1395370.256,0.0
K35.8,061201 - PH PROCEDIMIENTOS COMPLEJOS DEL TRACTO DIGESTIVO,1,1.0,2020657.9127,2020657.9127,0.0
K35.8,061203 - PH PROCEDIMIENTOS COMPLEJOS DEL TRACTO DIGESTIVO W/MCC,1,1.0,5767045.0451,5767045.0451,0.0
K35.8,064182 - MH OTROS DIAGNÓSTICOS SOBRE APARATO DIGESTIVO W/CC,1,1.0,1010400.0,1010400.0,0.0
K37,061101 - PH PROCEDIMIENTOS SOBRE INTESTINO DELGADO O GRUESO NO COMPLEJOS,1,1.0,1538385.5958,1538385.5958,0.0
K37,061203 - PH PROCEDIMIENTOS COMPLEJOS DEL TRACTO DIGESTIVO W/MCC,1,1.0,5767045.0451,5767045.0451,0.0
K37,064183 - MH OTROS DIAGNÓSTICOS SOBRE APARATO DIGESTIVO W/MCC,1,1.0,1644300.0,1644300.0,0.0
K38.3,064181 - MH OTROS DIAGNÓSTICOS SOBRE APARATO DIGESTIVO,1,1.0,730800.0,730800.0,0.0
K38.8,061403 - PH OTROS PROCEDIMIENTOS SOBRE APARATO DIGESTIVO W/MCC,1,1.0,3693160.8351,3693160.8351,0.0
K38.8,064181 - MH OTROS DIAGNÓSTICOS SOBRE APARATO DIGESTIVO,1,1.0,730800.0,730800.0,0.0
K40.0,061141 - PH PROCEDIMIENTOS SOBRE HERNIA INGUINAL Y FEMORAL,1,1.0,1092999.5883,1092999.5883,0.0
K40.2,064183 - MH OTROS DIAGNÓSTICOS SOBRE APARATO DIGESTIVO W/MCC,1,1.0,1644300.0,1644300.0,0.0
K40.3,041023 - PH VENTILACIÓN MECÁNICA PROLONGADA SIN TRAQUEOSTOMÍA W/MCC,1,1.0,9416848.2886,9416848.2886,0.0
K40.9,061143 - PH PROCEDIMIENTOS SOBRE HERNIA INGUINAL Y FEMORAL W/MCC,1,1.0,2495164.6907,2495164.6907,0.0
K40.9,064181 - MH OTROS DIAGNÓSTICOS SOBRE APARATO DIGESTIVO,1,1.0,730800.0,730800.0,0.0
K40.9,064183 - MH OTROS DIAGNÓSTICOS SOBRE APARATO DIGESTIVO W/MCC,1,1.0,1644300.0,1644300.0,0.0
K40.9,"091402 - PH OTRAS PROCEDIMIENTOS SOBRE PIEL, TEJIDO SUBCUTÁNEO Y MAMA W/CC",1,1.0,2369460.0312,2369460.0312,0.0
K41.3,061142 - PH PROCEDIMIENTOS SOBRE HERNIA INGUINAL Y FEMORAL W/CC,1,1.0,1466392.5797,1466392.5797,0.0
K41.3,061202 - PH PROCEDIMIENTOS COMPLEJOS DEL TRACTO DIGESTIVO W/CC,1,1.0,2585115.5154,2585115.5154,0.0
K42.0,061401 - PH OTROS PROCEDIMIENTOS SOBRE APARATO DIGESTIVO,1,1.0,1554887.3658,1554887.3658,0.0
K42.9,061402 - PH OTROS PROCEDIMIENTOS SOBRE APARATO DIGESTIVO W/CC,1,1.0,2115785.7632,2115785.7632,0.0
K42.9,064181 - MH OTROS DIAGNÓSTICOS SOBRE APARATO DIGESTIVO,1,1.0,730800.0,730800.0,0.0
K42.9,064182 - MH OTROS DIAGNÓSTICOS SOBRE APARATO DIGESTIVO W/CC,1,1.0,1010400.0,1010400.0,0.0
K43.0,064182 - MH OTROS DIAGNÓSTICOS SOBRE APARATO DIGESTIVO W/CC,1,1.0,1010400.0,1010400.0,0.0
K43.2,061123 - PH PROCEDIMIENTOS SOBRE HERNIA EXCEPTO INGUINAL Y FEMORAL W/MCC,1,1.0,2755148.459,2755148.459,0.0
K43.2,061203 - PH PROCEDIMIENTOS COMPLEJOS DEL TRACTO DIGESTIVO W/MCC,1,1.0,5767045.0451,5767045.0451,0.0
K43.2,064181 - MH OTROS DIAGNÓSTICOS SOBRE APARATO DIGESTIVO,1,1.0,730800.0,730800.0,0.0
K43.3,061101 - PH PROCEDIMIENTOS SOBRE INTESTINO DELGADO O GRUESO NO COMPLEJOS,1,1.0,1538385.5958,1538385.5958,0.0
K43.3,064183 - MH OTROS DIAGNÓSTICOS SOBRE APARATO DIGESTIVO W/MCC,1,1.0,1644300.0,1644300.0,0.0
K43.5,061101 - PH PROCEDIMIENTOS SOBRE INTESTINO DELGADO O GRUESO NO COMPLEJOS,1,1.0,1538385.5958,1538385.5958,0.0
K43.5,061121 - PH PROCEDIMIENTOS SOBRE HERNIA EXCEPTO INGUINAL Y FEMORAL,1,1.0,1313993.8805,1313993.8805,0.0
K43.5,064183 - MH OTROS DIAGNÓSTICOS SOBRE APARATO DIGESTIVO W/MCC,1,1.0,1644300.0,1644300.0,0.0
K43.6,061122 - PH PROCEDIMIENTOS SOBRE HERNIA EXCEPTO INGUINAL Y FEMORAL W/CC,1,1.0,1670237.9736,1670237.9736,0.0
K43.9,061102 - PH PROCEDIMIENTOS SOBRE INTESTINO DELGADO O GRUESO NO COMPLEJOS W/CC,1,1.0,2158334.4446,2158334.4446,0.0
K43.9,061201 - PH PROCEDIMIENTOS COMPLEJOS DEL TRACTO DIGESTIVO,1,1.0,2020657.9127,2020657.9127,0.0
K43.9,061402 - PH OTROS PROCEDIMIENTOS SOBRE APARATO DIGESTIVO W/CC,1,1.0,2115785.7632,2115785.7632,0.0
K43.9,071121 - PH COLECISTECTOMÍA EXCEPTO LAPAROSCÓPICA,1,1.0,1740774.9512,1740774.9512,0.0
K44.0,041303 - PH PROCEDIMIENTOS MODERADAMENTE COMPLEJOS SOBRE APARATO RESPIRATORIO W/MCC,1,1.0,4405487.2394,4405487.2394,0.0
K44.9,061201 - PH PROCEDIMIENTOS COMPLEJOS DEL TRACTO DIGESTIVO,1,1.0,2020657.9127,2020657.9127,0.0
K45.8,061122 - PH PROCEDIMIENTOS SOBRE HERNIA EXCEPTO INGUINAL Y FEMORAL W/CC,1,1.0,1670237.9736,1670237.9736,0.0
K46.0,061122 - PH PROCEDIMIENTOS SOBRE HERNIA EXCEPTO INGUINAL Y FEMORAL W/CC,1,1.0,1670237.9736,1670237.9736,0.0
K46.0,061203 - PH PROCEDIMIENTOS COMPLEJOS DEL TRACTO DIGESTIVO W/MCC,1,1.0,5767045.0451,5767045.0451,0.0
K46.0,064181 - MH OTROS DIAGNÓSTICOS SOBRE APARATO DIGESTIVO,1,1.0,730800.0,730800.0,0.0
K46.9,061113 - PH LISIS DE ADHERENCIAS PERITONEALES W/MCC,1,1.0,3415704.6045,3415704.6045,0.0
K50.0,"064131 - MH DIVERTICULITIS, DIVERTICULOSIS Y ENFERMEDAD INFLAMATORIA INTESTINAL",1,1.0,798450.0,798450.0,0.0
K50.1,061203 - PH PROCEDIMIENTOS COMPLEJOS DEL TRACTO DIGESTIVO W/MCC,1,1.0,5767045.0451,5767045.0451,0.0
K50.1,"064133 - MH DIVERTICULITIS, DIVERTICULOSIS Y ENFERMEDAD INFLAMATORIA INTESTINAL W/MCC",1,1.0,1542300.0,1542300.0,0.0
K51.0,"064132 - MH DIVERTICULITIS, DIVERTICULOSIS Y ENFERMEDAD INFLAMATORIA INTESTINAL W/CC",1,1.0,1020000.0,1020000.0,0.0
K51.8,"064131 - MH DIVERTICULITIS, DIVERTICULOSIS Y ENFERMEDAD INFLAMATORIA INTESTINAL",1,1.0,798450.0,798450.0,0.0
K51.8,"064132 - MH DIVERTICULITIS, DIVERTICULOSIS Y ENFERMEDAD INFLAMATORIA INTESTINAL W/CC",1,1.0,1020000.0,1020000.0,0.0
K51.9,061203 - PH PROCEDIMIENTOS COMPLEJOS DEL TRACTO DIGESTIVO W/MCC,1,1.0,5767045.0451,5767045.0451,0.0
K51.9,"064131 - MH DIVERTICULITIS, DIVERTICULOSIS Y ENFERMEDAD INFLAMATORIA INTESTINAL",1,1.0,798450.0,798450.0,0.0
K51.9,"064132 - MH DIVERTICULITIS, DIVERTICULOSIS Y ENFERMEDAD INFLAMATORIA INTESTINAL W/CC",1,1.0,1020000.0,1020000.0,0.0
K52.2,064171 - MH DOLOR ABDOMINAL Y OTRAS GASTROENTERITIS,1,1.0,646050.0,646050.0,0.0
K52.8,064172 - MH DOLOR ABDOMINAL Y OTRAS GASTROENTERITIS W/CC,1,1.0,821250.0,821250.0,0.0
K52.9,064173 - MH DOLOR ABDOMINAL Y OTRAS GASTROENTERITIS W/MCC,1,1.0,1086450.0,1086450.0,0.0
K55.0,061403 - PH OTROS PROCEDIMIENTOS SOBRE APARATO DIGESTIVO W/MCC,1,1.0,3693160.8351,3693160.8351,0.0
K55.0,064142 - MH INSUFICIENCIA VASCULAR GASTROINTESTINAL W/CC,1,1.0,1184850.0,1184850.0,0.0
K55.1,064143 - MH INSUFICIENCIA VASCULAR GASTROINTESTINAL W/MCC,1,1.0,1768050.0,1768050.0,0.0
K55.8,064142 - MH INSUFICIENCIA VASCULAR GASTROINTESTINAL W/CC,1,1.0,1184850.0,1184850.0,0.0
K55.9,041203 - PH PROCEDIMIENTOS NO COMPLEJOS SOBRE APARATO RESPIRATORIO W/MCC,1,1.0,3417322.4251,3417322.4251,0.0
K56.0,064151 - MH OBSTRUCCIÓN GASTROINTESTINAL,1,1.0,712050.0,712050.0,0.0
K56.2,061202 - PH PROCEDIMIENTOS COMPLEJOS DEL TRACTO DIGESTIVO W/CC,1,1.0,2585115.5154,2585115.5154,0.0
K56.2,061203 - PH PROCEDIMIENTOS COMPLEJOS DEL TRACTO DIGESTIVO W/MCC,1,1.0,5767045.0451,5767045.0451,0.0
K56.2,064152 - MH OBSTRUCCIÓN GASTROINTESTINAL W/CC,1,1.0,948150.0,948150.0,0.0
K56.4,061203 - PH PROCEDIMIENTOS COMPLEJOS DEL TRACTO DIGESTIVO W/MCC,1,1.0,5767045.0451,5767045.0451,0.0
K56.5,041013 - PH ECMO VENTILACIÓN MECÁNICA PROLONGADA CON TRAQUEOSTOMÍA W/MCC,1,1.0,18935781.0561,18935781.0561,0.0
K56.5,041023 - PH VENTILACIÓN MECÁNICA PROLONGADA SIN TRAQUEOSTOMÍA W/MCC,1,1.0,9416848.2886,9416848.2886,0.0
K56.5,051203 - PH OTROS PROCEDIMIENTOS SOBRE APARATO CIRCULATORIO W/MCC,1,1.0,5285419.8565,5285419.8565,0.0
K56.5,061102 - PH PROCEDIMIENTOS SOBRE INTESTINO DELGADO O GRUESO NO COMPLEJOS W/CC,1,1.0,2158334.4446,2158334.4446,0.0
K56.5,061201 - PH PROCEDIMIENTOS COMPLEJOS DEL TRACTO DIGESTIVO,1,1.0,2020657.9127,2020657.9127,0.0
K56.5,061203 - PH PROCEDIMIENTOS COMPLEJOS DEL TRACTO DIGESTIVO W/MCC,1,1.0,5767045.0451,5767045.0451,0.0
K56.5,061401 - PH OTROS PROCEDIMIENTOS SOBRE APARATO DIGESTIVO,1,1.0,1554887.3658,1554887.3658,0.0
K56.5,061403 - PH OTROS PROCEDIMIENTOS SOBRE APARATO DIGESTIVO W/MCC,1,1.0,3693160.8351,3693160.8351,0.0
K56.6,041023 - PH VENTILACIÓN MECÁNICA PROLONGADA SIN TRAQUEOSTOMÍA W/MCC,1,1.0,9416848.2886,9416848.2886,0.0
K56.6,061202 - PH PROCEDIMIENTOS COMPLEJOS DEL TRACTO DIGESTIVO W/CC,1,1.0,2585115.5154,2585115.5154,0.0
K56.6,064151 - MH OBSTRUCCIÓN GASTROINTESTINAL,1,1.0,712050.0,712050.0,0.0
K56.6,064153 - MH OBSTRUCCIÓN GASTROINTESTINAL W/MCC,1,1.0,1518900.0,1518900.0,0.0
K56.6,131301 - PH HISTERECTOMIA VAGINAL Y OTROS PROCEDIMIENTOS POR VIA VAGINAL,1,1.0,1036375.8678,1036375.8678,0.0
K57.0,"064133 - MH DIVERTICULITIS, DIVERTICULOSIS Y ENFERMEDAD INFLAMATORIA INTESTINAL W/MCC",1,1.0,1542300.0,1542300.0,0.0
K57.2,041023 - PH VENTILACIÓN MECÁNICA PROLONGADA SIN TRAQUEOSTOMÍA W/MCC,1,1.0,9416848.2886,9416848.2886,0.0
K57.2,061102 - PH PROCEDIMIENTOS SOBRE INTESTINO DELGADO O GRUESO NO COMPLEJOS W/CC,1,1.0,2158334.4446,2158334.4446,0.0
K57.2,061202 - PH PROCEDIMIENTOS COMPLEJOS DEL TRACTO DIGESTIVO W/CC,1,1.0,2585115.5154,2585115.5154,0.0
K57.3,061203 - PH PROCEDIMIENTOS COMPLEJOS DEL TRACTO DIGESTIVO W/MCC,1,1.0,5767045.0451,5767045.0451,0.0
K59.3,041202 - PH PROCEDIMIENTOS NO COMPLEJOS SOBRE APARATO RESPIRATORIO W/CC,1,1.0,2202500.9466,2202500.9466,0.0
K59.3,064183 - MH OTROS DIAGNÓSTICOS SOBRE APARATO DIGESTIVO W/MCC,1,1.0,1644300.0,1644300.0,0.0
K60.0,064181 - MH OTROS DIAGNÓSTICOS SOBRE APARATO DIGESTIVO,1,1.0,730800.0,730800.0,0.0
K60.3,061502 - PH PROCEDIMIENTOS SOBRE ANO W/CC,1,1.0,1438242.5015,1438242.5015,0.0
K60.5,064183 - MH OTROS DIAGNÓSTICOS SOBRE APARATO DIGESTIVO W/MCC,1,1.0,1644300.0,1644300.0,0.0
K61.0,064183 - MH OTROS DIAGNÓSTICOS SOBRE APARATO DIGESTIVO W/MCC,1,1.0,1644300.0,1644300.0,0.0
K61.2,061502 - PH PROCEDIMIENTOS SOBRE ANO W/CC,1,1.0,1438242.5015,1438242.5015,0.0
K61.2,064182 - MH OTROS DIAGNÓSTICOS SOBRE APARATO DIGESTIVO W/CC,1,1.0,1010400.0,1010400.0,0.0
K61.4,061501 - PH PROCEDIMIENTOS SOBRE ANO,1,1.0,986870.5578,986870.5578,0.0
K62.3,061502 - PH PROCEDIMIENTOS SOBRE ANO W/CC,1,1.0,1438242.5015,1438242.5015,0.0
K62.8,064181 - MH OTROS DIAGNÓSTICOS SOBRE APARATO DIGESTIVO,1,1.0,730800.0,730800.0,0.0
K62.8,064183 - MH OTROS DIAGNÓSTICOS SOBRE APARATO DIGESTIVO W/MCC,1,1.0,1644300.0,1644300.0,0.0
K63.0,061111 - PH LISIS DE ADHERENCIAS PERITONEALES,1,1.0,1395370.256,1395370.256,0.0
K63.0,064162 - MH INFECCIONES GASTROINTESTINALES MAYORES W/CC,1,1.0,1397700.0,1397700.0,0.0
K63.1,061203 - PH PROCEDIMIENTOS COMPLEJOS DEL TRACTO DIGESTIVO W/MCC,1,1.0,5767045.0451,5767045.0451,0.0
K63.1,064182 - MH OTROS DIAGNÓSTICOS SOBRE APARATO DIGESTIVO W/CC,1,1.0,1010400.0,1010400.0,0.0
K63.2,061202 - PH PROCEDIMIENTOS COMPLEJOS DEL TRACTO DIGESTIVO W/CC,1,1.0,2585115.5154,2585115.5154,0.0
K63.2,061203 - PH PROCEDIMIENTOS COMPLEJOS DEL TRACTO DIGESTIVO W/MCC,1,1.0,5767045.0451,5767045.0451,0.0
K63.2,"061302 - PH PROCEDIMIENTOS SOBRE ESTÓMAGO, ESÓFAGO Y DUODENO NO COMPLEJOS W/CC",1,1.0,2167232.4578,2167232.4578,0.0
K63.2,061402 - PH OTROS PROCEDIMIENTOS SOBRE APARATO DIGESTIVO W/CC,1,1.0,2115785.7632,2115785.7632,0.0
K63.2,064181 - MH OTROS DIAGNÓSTICOS SOBRE APARATO DIGESTIVO,1,1.0,730800.0,730800.0,0.0
K63.2,091303 - PH INJERTO DE PIEL SIN QUEMADURA W/MCC,1,1.0,7156105.8008,7156105.8008,0.0
K63.5,061201 - PH PROCEDIMIENTOS COMPLEJOS DEL TRACTO DIGESTIVO,1,1.0,2020657.9127,2020657.9127,0.0
K63.8,061203 - PH PROCEDIMIENTOS COMPLEJOS DEL TRACTO DIGESTIVO W/MCC,1,1.0,5767045.0451,5767045.0451,0.0
K63.8,064181 - MH OTROS DIAGNÓSTICOS SOBRE APARATO DIGESTIVO,1,1.0,730800.0,730800.0,0.0
K64.3,061502 - PH PROCEDIMIENTOS SOBRE ANO W/CC,1,1.0,1438242.5015,1438242.5015,0.0
K64.8,064182 - MH OTROS DIAGNÓSTICOS SOBRE APARATO DIGESTIVO W/CC,1,1.0,1010400.0,1010400.0,0.0
K64.9,061502 - PH PROCEDIMIENTOS SOBRE ANO W/CC,1,1.0,1438242.5015,1438242.5015,0.0
K64.9,064182 - MH OTROS DIAGNÓSTICOS SOBRE APARATO DIGESTIVO W/CC,1,1.0,1010400.0,1010400.0,0.0
K65.0,041013 - PH ECMO VENTILACIÓN MECÁNICA PROLONGADA CON TRAQUEOSTOMÍA W/MCC,1,1.0,18935781.0561,18935781.0561,0.0
K65.0,041023 - PH VENTILACIÓN MECÁNICA PROLONGADA SIN TRAQUEOSTOMÍA W/MCC,1,1.0,9416848.2886,9416848.2886,0.0
K65.0,061403 - PH OTROS PROCEDIMIENTOS SOBRE APARATO DIGESTIVO W/MCC,1,1.0,3693160.8351,3693160.8351,0.0
K65.0,064161 - MH INFECCIONES GASTROINTESTINALES MAYORES,1,1.0,1064100.0,1064100.0,0.0
K65.0,064162 - MH INFECCIONES GASTROINTESTINALES MAYORES W/CC,1,1.0,1397700.0,1397700.0,0.0
K65.0,064163 - MH INFECCIONES GASTROINTESTINALES MAYORES W/MCC,1,1.0,2227500.0,2227500.0,0.0
K65.8,061203 - PH PROCEDIMIENTOS COMPLEJOS DEL TRACTO DIGESTIVO W/MCC,1,1.0,5767045.0451,5767045.0451,0.0
K65.8,064162 - MH INFECCIONES GASTROINTESTINALES MAYORES W/CC,1,1.0,1397700.0,1397700.0,0.0
K65.9,064161 - MH INFECCIONES GASTROINTESTINALES MAYORES,1,1.0,1064100.0,1064100.0,0.0
K66.0,061403 - PH OTROS PROCEDIMIENTOS SOBRE APARATO DIGESTIVO W/MCC,1,1.0,3693160.8351,3693160.8351,0.0
K66.1,064181 - MH OTROS DIAGNÓSTICOS SOBRE APARATO DIGESTIVO,1,1.0,730800.0,730800.0,0.0
K66.8,061402 - PH OTROS PROCEDIMIENTOS SOBRE APARATO DIGESTIVO W/CC,1,1.0,2115785.7632,2115785.7632,0.0
K66.8,064182 - MH OTROS DIAGNÓSTICOS SOBRE APARATO DIGESTIVO W/CC,1,1.0,1010400.0,1010400.0,0.0
K70.1,074101 - MH HEPATITIS ALCOHÓLICA Y CIRROSIS,1,1.0,778500.0,778500.0,0.0
K70.3,074101 - MH HEPATITIS ALCOHÓLICA Y CIRROSIS,1,1.0,778500.0,778500.0,0.0
K70.3,074102 - MH HEPATITIS ALCOHÓLICA Y CIRROSIS W/CC,1,1.0,1037700.0,1037700.0,0.0
K70.4,061503 - PH PROCEDIMIENTOS SOBRE ANO W/MCC,1,1.0,2467499.9587,2467499.9587,0.0
K70.9,074102 - MH HEPATITIS ALCOHÓLICA Y CIRROSIS W/CC,1,1.0,1037700.0,1037700.0,0.0
K71.8,"074132 - MH ENFERMEDADES HEPÁTICAS EXCEPTO NEOPLASIAS, CIRROSIS O HEPATITIS ALCOHÓLICA W/CC",1,1.0,1065150.0,1065150.0,0.0
K72.0,041023 - PH VENTILACIÓN MECÁNICA PROLONGADA SIN TRAQUEOSTOMÍA W/MCC,1,1.0,9416848.2886,9416848.2886,0.0
K72.0,041203 - PH PROCEDIMIENTOS NO COMPLEJOS SOBRE APARATO RESPIRATORIO W/MCC,1,1.0,3417322.4251,3417322.4251,0.0
K72.0,"074132 - MH ENFERMEDADES HEPÁTICAS EXCEPTO NEOPLASIAS, CIRROSIS O HEPATITIS ALCOHÓLICA W/CC",1,1.0,1065150.0,1065150.0,0.0
K72.1,041023 - PH VENTILACIÓN MECÁNICA PROLONGADA SIN TRAQUEOSTOMÍA W/MCC,1,1.0,9416848.2886,9416848.2886,0.0
K72.9,041203 - PH PROCEDIMIENTOS NO COMPLEJOS SOBRE APARATO RESPIRATORIO W/MCC,1,1.0,3417322.4251,3417322.4251,0.0
K74.5,074103 - MH HEPATITIS ALCOHÓLICA Y CIRROSIS W/MCC,1,1.0,1757700.0,1757700.0,0.0
K74.6,041023 - PH VENTILACIÓN MECÁNICA PROLONGADA SIN TRAQUEOSTOMÍA W/MCC,1,1.0,9416848.2886,9416848.2886,0.0
K75.0,"074131 - MH ENFERMEDADES HEPÁTICAS EXCEPTO NEOPLASIAS, CIRROSIS O HEPATITIS ALCOHÓLICA",1,1.0,801900.0,801900.0,0.0
K75.0,"074133 - MH ENFERMEDADES HEPÁTICAS EXCEPTO NEOPLASIAS, CIRROSIS O HEPATITIS ALCOHÓLICA W/MCC",1,1.0,1834650.0,1834650.0,0.0
K75.4,"074133 - MH ENFERMEDADES HEPÁTICAS EXCEPTO NEOPLASIAS, CIRROSIS O HEPATITIS ALCOHÓLICA W/MCC",1,1.0,1834650.0,1834650.0,0.0
K76.0,"074132 - MH ENFERMEDADES HEPÁTICAS EXCEPTO NEOPLASIAS, CIRROSIS O HEPATITIS ALCOHÓLICA W/CC",1,1.0,1065150.0,1065150.0,0.0
K76.8,041023 - PH VENTILACIÓN MECÁNICA PROLONGADA SIN TRAQUEOSTOMÍA W/MCC,1,1.0,9416848.2886,9416848.2886,0.0
K76.8,051203 - PH OTROS PROCEDIMIENTOS SOBRE APARATO CIRCULATORIO W/MCC,1,1.0,5285419.8565,5285419.8565,0.0
K76.8,071101 - PH PROCEDIMIENTOS SOBRE PÁNCREAS E HÍGADO,1,1.0,2897840.2348,2897840.2348,0.0
K77.0,071102 - PH PROCEDIMIENTOS SOBRE PÁNCREAS E HÍGADO W/CC,1,1.0,3919493.9352,3919493.9352,0.0
K80.0,061202 - PH PROCEDIMIENTOS COMPLEJOS DEL TRACTO DIGESTIVO W/CC,1,1.0,2585115.5154,2585115.5154,0.0
K80.0,071121 - PH COLECISTECTOMÍA EXCEPTO LAPAROSCÓPICA,1,1.0,1740774.9512,1740774.9512,0.0
K80.0,071122 - PH COLECISTECTOMÍA EXCEPTO LAPAROSCÓPICA W/CC,1,1.0,2331441.2474,2331441.2474,0.0
K80.2,041013 - PH ECMO VENTILACIÓN MECÁNICA PROLONGADA CON TRAQUEOSTOMÍA W/MCC,1,1.0,18935781.0561,18935781.0561,0.0
K80.2,041023 - PH VENTILACIÓN MECÁNICA PROLONGADA SIN TRAQUEOSTOMÍA W/MCC,1,1.0,9416848.2886,9416848.2886,0.0
K80.2,041203 - PH PROCEDIMIENTOS NO COMPLEJOS SOBRE APARATO RESPIRATORIO W/MCC,1,1.0,3417322.4251,3417322.4251,0.0
K80.2,061201 - PH PROCEDIMIENTOS COMPLEJOS DEL TRACTO DIGESTIVO,1,1.0,2020657.9127,2020657.9127,0.0
K80.2,071112 - PH PROCEDIMIENTOS COMPLEJOS SOBRE SISTEMA BILIAR W/CC,1,1.0,3136306.9892,3136306.9892,0.0
K80.2,"091402 - PH OTRAS PROCEDIMIENTOS SOBRE PIEL, TEJIDO SUBCUTÁNEO Y MAMA W/CC",1,1.0,2369460.0312,2369460.0312,0.0
K80.3,041203 - PH PROCEDIMIENTOS NO COMPLEJOS SOBRE APARATO RESPIRATORIO W/MCC,1,1.0,3417322.4251,3417322.4251,0.0
K80.3,061203 - PH PROCEDIMIENTOS COMPLEJOS DEL TRACTO DIGESTIVO W/MCC,1,1.0,5767045.0451,5767045.0451,0.0
K80.3,071112 - PH PROCEDIMIENTOS COMPLEJOS SOBRE SISTEMA BILIAR W/CC,1,1.0,3136306.9892,3136306.9892,0.0
K80.3,071113 - PH PROCEDIMIENTOS COMPLEJOS SOBRE SISTEMA BILIAR W/MCC,1,1.0,5767853.9554,5767853.9554,0.0
K80.3,071133 - PH OTROS PROCEDIMIENTOS HEPATOBILIARES Y SOBRE PÁNCREAS W/MCC,1,1.0,2605500.0548,2605500.0548,0.0
K80.4,071133 - PH OTROS PROCEDIMIENTOS HEPATOBILIARES Y SOBRE PÁNCREAS W/MCC,1,1.0,2605500.0548,2605500.0548,0.0
K80.4,071143 - PH COLECISTECTOMÍA LAPAROSCÓPICA W/MCC,1,1.0,2691244.5458,2691244.5458,0.0
K80.5,071111 - PH PROCEDIMIENTOS COMPLEJOS SOBRE SISTEMA BILIAR,1,1.0,2217546.6781,2217546.6781,0.0
K80.5,071112 - PH PROCEDIMIENTOS COMPLEJOS SOBRE SISTEMA BILIAR W/CC,1,1.0,3136306.9892,3136306.9892,0.0
K80.5,071131 - PH OTROS PROCEDIMIENTOS HEPATOBILIARES Y SOBRE PÁNCREAS,1,1.0,1535958.8649,1535958.8649,0.0
K80.8,071112 - PH PROCEDIMIENTOS COMPLEJOS SOBRE SISTEMA BILIAR W/CC,1,1.0,3136306.9892,3136306.9892,0.0
K80.8,074141 - MH OTRAS ENFERMEDADES DEL SISTEMA BILIAR,1,1.0,869850.0,869850.0,0.0
K80.8,074143 - MH OTRAS ENFERMEDADES DEL SISTEMA BILIAR W/MCC,1,1.0,1724250.0,1724250.0,0.0
K81.0,051201 - PH OTROS PROCEDIMIENTOS SOBRE APARATO CIRCULATORIO,1,1.0,2520564.474,2520564.474,0.0
K81.0,071122 - PH COLECISTECTOMÍA EXCEPTO LAPAROSCÓPICA W/CC,1,1.0,2331441.2474,2331441.2474,0.0
K81.0,071123 - PH COLECISTECTOMÍA EXCEPTO LAPAROSCÓPICA W/MCC,1,1.0,4059273.6339,4059273.6339,0.0
K81.0,071131 - PH OTROS PROCEDIMIENTOS HEPATOBILIARES Y SOBRE PÁNCREAS,1,1.0,1535958.8649,1535958.8649,0.0
K81.0,071132 - PH OTROS PROCEDIMIENTOS HEPATOBILIARES Y SOBRE PÁNCREAS W/CC,1,1.0,1949312.0248,1949312.0248,0.0
K82.4,071142 - PH COLECISTECTOMÍA LAPAROSCÓPICA W/CC,1,1.0,1855963.777,1855963.777,0.0
K83.0,061202 - PH PROCEDIMIENTOS COMPLEJOS DEL TRACTO DIGESTIVO W/CC,1,1.0,2585115.5154,2585115.5154,0.0
K83.0,071142 - PH COLECISTECTOMÍA LAPAROSCÓPICA W/CC,1,1.0,1855963.777,1855963.777,0.0
K83.1,041203 - PH PROCEDIMIENTOS NO COMPLEJOS SOBRE APARATO RESPIRATORIO W/MCC,1,1.0,3417322.4251,3417322.4251,0.0
K83.1,071103 - PH PROCEDIMIENTOS SOBRE PÁNCREAS E HÍGADO W/MCC,1,1.0,8517178.2603,8517178.2603,0.0
K83.1,071111 - PH PROCEDIMIENTOS COMPLEJOS SOBRE SISTEMA BILIAR,1,1.0,2217546.6781,2217546.6781,0.0
K83.3,041023 - PH VENTILACIÓN MECÁNICA PROLONGADA SIN TRAQUEOSTOMÍA W/MCC,1,1.0,9416848.2886,9416848.2886,0.0
K83.9,074143 - MH OTRAS ENFERMEDADES DEL SISTEMA BILIAR W/MCC,1,1.0,1724250.0,1724250.0,0.0
K85.0,074121 - MH ENFERMEDADES DE PÁNCREAS EXCEPTO NEOPLASIAS,1,1.0,807150.0,807150.0,0.0
K85.1,041203 - PH PROCEDIMIENTOS NO COMPLEJOS SOBRE APARATO RESPIRATORIO W/MCC,1,1.0,3417322.4251,3417322.4251,0.0
K85.1,071132 - PH OTROS PROCEDIMIENTOS HEPATOBILIARES Y SOBRE PÁNCREAS W/CC,1,1.0,1949312.0248,1949312.0248,0.0
K85.2,074122 - MH ENFERMEDADES DE PÁNCREAS EXCEPTO NEOPLASIAS W/CC,1,1.0,1061250.0,1061250.0,0.0
K85.2,074123 - MH ENFERMEDADES DE PÁNCREAS EXCEPTO NEOPLASIAS W/MCC,1,1.0,1862400.0,1862400.0,0.0
K85.8,"061301 - PH PROCEDIMIENTOS SOBRE ESTÓMAGO, ESÓFAGO Y DUODENO NO COMPLEJOS",1,1.0,1187803.8747,1187803.8747,0.0
K85.8,074123 - MH ENFERMEDADES DE PÁNCREAS EXCEPTO NEOPLASIAS W/MCC,1,1.0,1862400.0,1862400.0,0.0
K85.9,041023 - PH VENTILACIÓN MECÁNICA PROLONGADA SIN TRAQUEOSTOMÍA W/MCC,1,1.0,9416848.2886,9416848.2886,0.0
K85.9,071142 - PH COLECISTECTOMÍA LAPAROSCÓPICA W/CC,1,1.0,1855963.777,1855963.777,0.0
K86.0,074122 - MH ENFERMEDADES DE PÁNCREAS EXCEPTO NEOPLASIAS W/CC,1,1.0,1061250.0,1061250.0,0.0
K86.2,074122 - MH ENFERMEDADES DE PÁNCREAS EXCEPTO NEOPLASIAS W/CC,1,1.0,1061250.0,1061250.0,0.0
K86.2,074123 - MH ENFERMEDADES DE PÁNCREAS EXCEPTO NEOPLASIAS W/MCC,1,1.0,1862400.0,1862400.0,0.0
K86.8,074123 - MH ENFERMEDADES DE PÁNCREAS EXCEPTO NEOPLASIAS W/MCC,1,1.0,1862400.0,1862400.0,0.0
K90.4,064181 - MH OTROS DIAGNÓSTICOS SOBRE APARATO DIGESTIVO,1,1.0,730800.0,730800.0,0.0
K90.4,064182 - MH OTROS DIAGNÓSTICOS SOBRE APARATO DIGESTIVO W/CC,1,1.0,1010400.0,1010400.0,0.0
K91.0,"061303 - PH PROCEDIMIENTOS SOBRE ESTÓMAGO, ESÓFAGO Y DUODENO NO COMPLEJOS W/MCC",1,1.0,4311491.8634,4311491.8634,0.0
K91.1,061203 - PH PROCEDIMIENTOS COMPLEJOS DEL TRACTO DIGESTIVO W/MCC,1,1.0,5767045.0451,5767045.0451,0.0
K91.3,061122 - PH PROCEDIMIENTOS SOBRE HERNIA EXCEPTO INGUINAL Y FEMORAL W/CC,1,1.0,1670237.9736,1670237.9736,0.0
K91.3,061201 - PH PROCEDIMIENTOS COMPLEJOS DEL TRACTO DIGESTIVO,1,1.0,2020657.9127,2020657.9127,0.0
K91.3,064181 - MH OTROS DIAGNÓSTICOS SOBRE APARATO DIGESTIVO,1,1.0,730800.0,730800.0,0.0
K91.3,131301 - PH HISTERECTOMIA VAGINAL Y OTROS PROCEDIMIENTOS POR VIA VAGINAL,1,1.0,1036375.8678,1036375.8678,0.0
K91.4,061102 - PH PROCEDIMIENTOS SOBRE INTESTINO DELGADO O GRUESO NO COMPLEJOS W/CC,1,1.0,2158334.4446,2158334.4446,0.0
K91.4,061103 - PH PROCEDIMIENTOS SOBRE INTESTINO DELGADO O GRUESO NO COMPLEJOS W/MCC,1,1.0,4473273.922,4473273.922,0.0
K91.4,061203 - PH PROCEDIMIENTOS COMPLEJOS DEL TRACTO DIGESTIVO W/MCC,1,1.0,5767045.0451,5767045.0451,0.0
K91.4,064181 - MH OTROS DIAGNÓSTICOS SOBRE APARATO DIGESTIVO,1,1.0,730800.0,730800.0,0.0
K91.4,064183 - MH OTROS DIAGNÓSTICOS SOBRE APARATO DIGESTIVO W/MCC,1,1.0,1644300.0,1644300.0,0.0
K91.8,061203 - PH PROCEDIMIENTOS COMPLEJOS DEL TRACTO DIGESTIVO W/MCC,1,1.0,5767045.0451,5767045.0451,0.0
K91.8,064182 - MH OTROS DIAGNÓSTICOS SOBRE APARATO DIGESTIVO W/CC,1,1.0,1010400.0,1010400.0,0.0
K92.0,041023 - PH VENTILACIÓN MECÁNICA PROLONGADA SIN TRAQUEOSTOMÍA W/MCC,1,1.0,9416848.2886,9416848.2886,0.0
K92.1,041023 - PH VENTILACIÓN MECÁNICA PROLONGADA SIN TRAQUEOSTOMÍA W/MCC,1,1.0,9416848.2886,9416848.2886,0.0
K92.1,064181 - MH OTROS DIAGNÓSTICOS SOBRE APARATO DIGESTIVO,1,1.0,730800.0,730800.0,0.0
K92.2,041013 - PH ECMO VENTILACIÓN MECÁNICA PROLONGADA CON TRAQUEOSTOMÍA W/MCC,1,1.0,18935781.0561,18935781.0561,0.0
K92.2,041201 - PH PROCEDIMIENTOS NO COMPLEJOS SOBRE APARATO RESPIRATORIO,1,1.0,1684636.5769,1684636.5769,0.0
K92.2,041202 - PH PROCEDIMIENTOS NO COMPLEJOS SOBRE APARATO RESPIRATORIO W/CC,1,1.0,2202500.9466,2202500.9466,0.0
K92.9,061201 - PH PROCEDIMIENTOS COMPLEJOS DEL TRACTO DIGESTIVO,1,1.0,2020657.9127,2020657.9127,0.0
